id,topic,claim,source_url,publisher,date_accessed,method,confidence
L01,pdpa,"PDPA B.E. 2562: biometric data used for identification is sensitive personal data under s.26; explicit consent or legal exception required",https://securiti.ai/thailand-personal-data-protection-act-pdpa/,Securiti,2026-09-02,search-snippet,high
L02,pdpa,"PDPC opened public consultation (Mar 2026) on new PDPA guidelines; CCTV data collection is one of six priority areas; public hearing 1-2 Apr 2026; formal guidance expected H2 2026",https://www.tilleke.com/insights/thailands-public-consultation-on-proposed-pdpa-guidelines-key-updates/13/,Tilleke & Gibbins,2026-09-02,search-snippet,high
L03,alcohol,"Alcoholic Beverage Control Act (No.2) B.E. 2568 published Gazette 9 Sep 2025, effective 8 Nov 2025; sellers must verify age (20+) and sobriety; vending machines allowed if they can verify buyer identity per Committee rules; seller civil liability for damage caused by underage/intoxicated buyers",https://www.tilleke.com/insights/thailands-updated-alcohol-law-balances-public-health-and-tourism/,Tilleke & Gibbins,2026-09-02,search-snippet,high
L04,alcohol,"Regulations of 1 Dec 2025 effective 3 Dec 2025: sale 11:00-24:00; 14:00-17:00 window provisional to 31 May 2026",https://www.bakermckenzie.com/en/insight/publications/alerts/2025/12/thailand-new-alcohol-sales-and-consumption-rules,Baker McKenzie,2026-09-02,search-snippet,high
L05,alcohol,"Committee notice published Royal Gazette 28 May 2026, effective 29 May 2026: 11:00-24:00 sale hours permanent, no afternoon break",https://www.nationthailand.com/news/general/40066792,Nation Thailand,2026-09-02,search-snippet,high
L06,tobacco,"Tobacco Products Control Act B.E. 2560 effective 5 Jul 2017: no sale under 20; no retail display; no vending machines; no sale via electronic media/computer networks; up to 3 months jail / THB 30,000 for age violations",https://www.lawplusltd.com/2017/08/tobacco-products-control-act-thailand-comes-force/,LawPlus,2026-09-02,search-snippet,high
L07,metrology,"Central Bureau of Weights and Measures (Dept of Internal Trade, Ministry of Commerce) is Thailand's legal metrology authority under Weights and Measures Act B.E. 2542; 28 local offices + 4 regional centres",https://www.aplmf.org/thailand.html,APLMF,2026-09-02,search-snippet,high
L08,price-display,"Prices of Goods and Services Act B.E. 2542 s.28: must display prices per unit in Arabic numerals; violations of s.29-31 up to 7 years / THB 140,000; most enforcement is for missing price tags",https://www2.austlii.edu.au/~graham/AsianLII/Thai_Translation/Price%20of%20Goods%20and%20Services%20Act.pdf,AustLII translation,2026-09-02,search-snippet,high
L09,vat,"VAT registration mandatory when annual turnover exceeds THB 1.8 million; Form VAT 01 within 30 days of exceeding",https://www.forvismazars.com/th/en/insights/doing-business-in-thailand/tax/value-added-tax-vat-in-thailand,Forvis Mazars,2026-09-02,search-snippet,high
L10,theft,"Criminal Code s.334 theft: up to 3 years imprisonment and/or fine up to THB 60,000; prosecuted regardless of value",https://library.siam-legal.com/thai-law/criminal-code-theft-sections-334-336-2/,Siam Legal,2026-09-02,search-snippet,high
I01,licence,"PyQt5 is GPL v3 (or Riverbank commercial); distributing an app on it requires GPL release of whole app or paid licence; PySide6 is LGPL v3 and permits proprietary distribution",https://www.pythonguis.com/faq/pyqt-vs-pyside/,PythonGUIs,2026-09-02,search-snippet,high
I02,licence,"Ultralytics YOLO and trained models are AGPL-3.0; proprietary/internal commercial use requires Enterprise License or open-sourcing entire derivative incl. weights",https://www.ultralytics.com/license,Ultralytics,2026-09-02,search-snippet,high
I03,patent,"Mashgin US20150109451A1 'Automated object recognition kiosk for retail checkouts' (multi-image capture + object recognition); US app 16/104087 'Fast item identification for checkout counter' (items in motion, several cameras)",https://patents.google.com/patent/US20150109451A1/en,Google Patents,2026-09-02,search-snippet,high
I04,patent,"Prior art: US7909248B1 / US8196822B2 'Self checkout with visual recognition' (Evolution Robotics/Datalogic era); US20130304595A1 'Automatic learning in a merchandise checkout system with visual recognition'; US12548004B2 'vision-assisted checkout'",https://patents.google.com/patent/US20130304595,Google Patents,2026-09-02,search-snippet,medium
M01,market,"Global self-checkout market USD 5.3 bn (2025), CAGR 13.7% 2026-2035 (GMI)",https://www.gminsights.com/industry-analysis/self-checkout-system-market,Global Market Insights,2026-09-02,search-snippet,medium
M02,market,"Global self-checkout market USD 6.30 bn (2025) to 21.61 bn (2034), CAGR 14.6% (Fortune Business Insights)",https://www.fortunebusinessinsights.com/self-checkout-system-market-106779,Fortune Business Insights,2026-09-02,search-snippet,medium
M03,market,"Global self-checkout market USD 5.17 bn (2024), 5.78 bn (2025), CAGR 11.55% to 9.98 bn by 2030 (360iResearch)",https://www.360iresearch.com/library/intelligence/self-checkout-systems,360iResearch,2026-09-02,search-snippet,medium
M04,shrink,"NRF 2024 National Retail Security Survey: average shrink 1.68% of revenue, ~USD 112 bn; NRF did not release the old-format shrink report in 2024, replaced by theft & violence report",https://nrf.com/research/national-retail-security-survey-2023,NRF via Everseen/iCape summaries,2026-09-02,search-snippet,medium
M05,shrink,"UK stores with self-checkout: average shrink 1.96% vs 1.35% without; self-checkout loss ~0.46% of SCO sales (2024 est.)",https://surveillant.ai/guides/self-checkout-theft-statistics,Surveillant.ai (secondary),2026-09-02,search-snippet,low
M06,shrink,"LendingTree Dec 2025 survey (n>2050 US adults): 27% admit intentionally not scanning an item (15% in 2023); millennials 41%, Gen Z 37%, boomers 2%; >$100k households 40% vs <$49,999 17%; 55% say they will do it again",https://www.lendingtree.com/debt-consolidation/checkout-theft-survey/,LendingTree,2026-09-02,search-snippet,high
M07,backlash,"Grabango ceased operations Oct 2024 after failing to raise funding; raised >USD 71 m since 2016",https://www.cnbc.com/2024/10/09/amazon-just-walk-out-rival-shutters-after-failing-to-secure-funding.html,CNBC,2026-09-02,search-snippet,high
M08,backlash,"Amazon removed Just Walk Out from its Fresh grocery stores (Apr 2024), now sells JWO to third-party venues (stadiums, airports, campuses); Whole Foods removed it from two stores",https://www.grocerydive.com/news/amazon-just-walk-out-checkout-payment-smart-cart-grocery/712020/,Grocery Dive,2026-09-02,search-snippet,high
M09,backlash,"Dollar General removed self-checkout from ~12,000 stores (2024); Five Below and Target limiting/removing at high-risk stores; Walmart removing SCO at specific stores 2025-2026 (e.g. South Philadelphia Mar 2026); Aldi removals reported Sep 2025",https://www.nbcnews.com/business/business-news/major-retailers-are-backtracking-self-checkout-rcna160234,NBC News + Axios Chicago + rollingout,2026-09-02,search-snippet,medium
M10,mashgin,"Couche-Tard to deploy >10,000 Mashgin units to >7,000 Circle K stores over three years; in ~500 stores US+Sweden since 2020; Mashgin claims 99.9% accuracy, learns new items in <1 minute and syncs to other stores, ~10 s checkout",https://www.qsrmagazine.com/news/circle-k-and-mashgin-launch-massive-computer-vision-checkout-deployment/,QSR Magazine,2026-09-02,search-snippet,high
M11,thailand,"7-Eleven Thailand: 15,430 stores as of 13 May 2025 (CP All); #2 globally after Japan (~21,600); 51% company-owned, 49% franchise/sub-area",https://en.wikipedia.org/wiki/CP_All,Wikipedia (citing CP All),2026-09-02,search-snippet,medium
M12,thailand,"Thailand food retail: modern trade ~60%, traditional ~40%; traditional mom & pop 44.1% of retail market share 2025 (Mordor); Lotus's 2,000+ stores; Tops 235+; modern trade growing 5-5.5%/yr, traditional -2.1%/yr; convenience CAGR 11.1% 2025-2030",https://www.krungsri.com/en/research/industry/industry-outlook/wholesale-retail/modern-trade/io/modern-trade-2024-2026,Krungsri Research + Mordor,2026-09-02,search-snippet,medium
M13,thailand,"Thai minimum daily wage THB 337-400 by province (7 bands), reconfirmed effective 1 Jul 2026; Bangkok/Phuket/Chonburi/Rayong/Chachoengsao/Samui at 400; ~THB 10,400/month at 26 days",https://www.thailawonline.com/minimum-wage-in-thailand/,ThaiLawOnline,2026-09-02,search-snippet,medium
M14,thailand,"Self-checkout exists in Thailand: 7-Eleven kiosk flow (touch, member number, scan, pay); Tops kiosks; Big C Scan&Pay is phone-app based, no kiosk (user report 2020)",https://medium.com/@watsachon.rainy/self-checkout-in-thailand-e360ec22d410,Medium user report,2026-09-02,search-snippet,low
M15,pricing,"Self-checkout unit cost USD 3,000-40,000; standard retail units USD 4,500-8,000; entry card-only ~USD 3,000; full grocery lane with cash USD 40,000+ (KORONA POS 2026); NCR SCO Essentials from USD 1,800",https://koronapos.com/blog/how-much-do-self-checkout-machines-cost/,KORONA POS + IT Retail,2026-09-02,search-snippet,medium
M16,players,"Standard AI raised >USD 233 m (USD 150 m Series C 2021 at ~USD 1 bn), pivoted to retail data company; acquired Pathr.ai Jan 2026; Zippin USD 45 m total; AiFi USD 90.7 m, 7-Eleven US ramping AiFi checkout-free stores Feb 2026; Trigo active",https://tracxn.com/d/trending-business-models/startups-in-autonomous-checkout-solutions/__u_6ISOrYyMsPZEVJIacs5Nx5UhH89gJ-EBziYR9ueBA/companies,Tracxn + yespress,2026-09-02,search-snippet,low
H01,payments,"Thai QR: EMVCo TLV; tag 29 = PromptPay credit transfer (AID A000000677010111; mobile/national ID/e-wallet sub-tags); tag 30 = Bill Payment merchant template (biller ID, ref1/ref2) used by registered merchants",https://thai-qr-payment.js.org/reference/spec/,thai-qr-payment spec + Blognone,2026-09-02,search-snippet,high
H02,payments,"Slip verification APIs exist (EasySlip, 18+ banks); banks warn AI tools can forge slips; KBank advice: verify account not slip",https://document.easyslip.com/en/guide/getting-started,EasySlip docs + Thaiger + KBank,2026-09-02,search-snippet,high
H03,jwo,"Amazon JWO: ceiling RGB cameras on rails + shelf load-cell weight sensors for small items; new transformer-based multimodal model; synthetic video data for training; receipt to phone",https://www.aboutamazon.com/news/retail/how-does-amazon-just-walk-out-work,Amazon,2026-09-02,search-snippet,high
H04,everseen,"Everseen Evercheck: real-time missed-scan nudge on SCO, ~300 ms; NCR Voyix Halo uses Everseen Evershow with four cameras above tray, bulk-scans up to 20 items any orientation; Phillips 66/Mach 1 deployment Jan 2025",https://www.businesswire.com/news/home/20250110501817/en/Phillips-66-and-Mach-1-Revolutionize-Their-Checkout-Experience-with-NCR-Voyix-Halo-Checkout-Solution-and-Everseen-Technology,BusinessWire/NCR Voyix,2026-09-02,search-snippet,high
H05,weight-security,"SCO bagging scale compares bag weight to expected weight from UPC database; false positives from light items, markdowns, reusable bags; some retailers disabled weight sensors due to interventions",https://medium.com/the-ux-chap/why-self-service-checkouts-suck-276b2b73a389,UX Chap (Medium) + Justia patents,2026-09-02,search-snippet,medium
H06,loadcell,"Typical cheap bar load cell spec: hysteresis 0.02% FS, creep 0.02% FS/10 min, zero temp effect 0.03% FS/10 C, span temp effect 0.02% FS/10 C; uncompensated systems can be off several percent",https://learn.sparkfun.com/tutorials/load-cell-amplifier-hx711-breakout-hookup-guide/all,SparkFun + RobTillaart HX711 issue 21,2026-09-02,search-snippet,medium
H07,edge,"Raspberry Pi AI HAT+: 13 TOPS Hailo-8L USD 70; 26 TOPS Hailo-8 USD 110; PCIe Gen3; YOLOv8n ~60 fps on Hailo-8L vs 3-5 fps CPU",https://www.raspberrypi.com/news/raspberry-pi-ai-hat/,Raspberry Pi + Jeff Geerling,2026-09-02,search-snippet,high
H08,tax,"Revenue Code s.86/4 full tax invoice; s.86/6 abbreviated tax invoice for retail/B2C with Director-General approval; fields: words 'Tax Invoice', seller name/address/TIN, number, goods, amount, VAT, date; e-Tax invoice by email route under 2017 regulation",https://library.siam-legal.com/thai-law/revenue-code-tax-invoice-debit-note-credit-note-section-86/,Siam Legal + Forvis Mazars,2026-09-02,search-snippet,high
L11,pdpa,"PDPA s.23: controller must give privacy notice before/at collection: purpose, legal basis, retention period (or expected period), recipients, controller contact, data subject rights; PDPA has no explicit DPIA duty but requires risk assessment when adopting new technology",https://www.lexology.com/library/detail.aspx?g=abdc89f6-ff93-4ac4-94b8-31b781d52218,Lexology (PDPC notice guideline summary) + Siam Legal,2026-09-02,search-snippet,medium
L12,pdpa,"Practitioner consensus (Thai PDPA firms): CCTV in shops relies on legitimate interest, no consent needed, but a visible CCTV notice sign + CCTV privacy policy are required; facial images are personal data",https://pdpathailand.com/knowledge-pdpa/pdpa-cctv/,PDPA Thailand + Dharmniti + EasyPDPA,2026-09-02,search-snippet,medium
L13,alcohol,"ABCA No.2: sellers may check ID to verify age; DDC to announce intoxication-assessment conditions; advertising breaches up to THB 500,000 + THB 50,000/day; officers may order premises closure for sales violations",https://www.tilleke.com/insights/thailands-updated-alcohol-law-balances-public-health-and-tourism/,Tilleke & Gibbins,2026-09-02,fetched,high
L14,metrology,"APLMF Thailand page: NAWI, spring scales, weights etc. subject to verification; automatic weighing instruments and kitchen scales exempt; manufacturer-verified instruments valid 2 years; fees USD 1-200",https://www.aplmf.org/thailand.html,APLMF,2026-09-02,fetched,high
L15,ethics,"ISEF rules: any study obtaining data through interaction with living individuals (surveys, testing a prototype with people other than the student) needs IRB pre-approval + Human Participants Form 4; exemptions: student testing own prototype alone, public data, non-interactive public observation with no identifying data",https://www.societyforscience.org/isef/international-rules/human-participants/,Society for Science,2026-09-02,fetched,high
L16,ethics,"ISEF: teams max 3; research duration max 12 months; one project per student per year; ISEF 2027 Los Angeles 8-14 May 2027",https://www.societyforscience.org/isef/international-rules/rules-for-all-projects/,Society for Science,2026-09-02,search-snippet,high
I05,dataset-licence,"RPC dataset licence CC BY-NC-SA 4.0; ~53,739 single-product train images; 30,000 checkout images; ~367,935 instances",https://rpc-dataset.github.io/,RPC authors,2026-09-02,fetched,high
I06,dataset-licence,"Products-10K: non-commercial research and educational use only; employer bound if for-profit",https://products-10k.github.io/,Products-10K authors,2026-09-02,search-snippet,high
I07,patent,"Mashgin Series B USD 62.5 m at USD 1.5 bn valuation led by NEA (May 2022); total funding USD 74.7 m",https://www.prnewswire.com/news-releases/mashgin-raises-62-5m-series-b-funding-at-a-1-5-billion-valuation-led-by-nea-301542339.html,PR Newswire,2026-09-02,search-snippet,high
M17,thailand,"Thailand has >400,000 traditional grocery stores (โชห่วย); DBD 'Smart Chohuay' programme trained 2,917 shops in 2025 and upgraded 300 to POS-equipped 'smart' shops",https://www.healthystations.net/2026/06/pos-6040.html,DBD via healthystations/Naewna/PRD,2026-09-02,search-snippet,medium
M18,thailand,"Thailand: 65.8 m people, 14.1 m aged 60+ (21.5%) Sep 2025; working-age share projected 71% (2020) to 56% (2060); firms redeploying seniors to cashier/greeter roles",https://www.bangkokpost.com/business/general/3134283/thailand-taps-into-silver-workforce,Bangkok Post + Kasikorn Research,2026-09-02,search-snippet,medium
M19,shrink,"ECR Retail Loss 'Self-Checkout Loss 2026' (Hopkins, Univ. Leicester, 16 Jun 2026; 39 retailers, >EUR 1 tn turnover): SCO stores +0.42 pp loss (+33%); each +1% SCO share adds 0.030-0.048% loss; 54% of transactions via SCO; missed scans in 1-4.8% of transactions; walkaway avg EUR 88",https://ecrloss.com/research-paper/self-checkout-loss-report-2026/,ECR Retail Loss,2026-09-02,fetched,high
M20,shrink,"ECR/Beck 2018 & 2022: ~52% of SCO loss accidental vs 48% malicious; shrink rises ~22% in first year after SCO introduction",https://www.ecrloss.com/research/self-checkout-loss-increasing-participation-and-scan-accuracy-through-design/,ECR Shrink Group,2026-09-02,search-snippet,medium
M21,backlash,"Amazon announced 2 Apr 2024 removal of JWO from all US Amazon Fresh stores, replaced by Dash smart carts; reason given: customers wanted deals/receipts in real time",https://www.grocerydive.com/news/amazon-just-walk-out-checkout-payment-smart-cart-grocery/712020/,Grocery Dive,2026-09-02,fetched,high
H09,nvidia,"NVIDIA smart self-checkout reference: detect -> embed -> similarity match vs embedding DB -> validate against barcode scanner; unseen items flagged for active learning; /tune/feedback retrains embeddings; provided as-is",https://docs.nvidia.com/mms/text/Smart_self_checkout_Overview.html,NVIDIA,2026-09-02,fetched,high
H10,nvidia,"NVIDIA TAO Retail Object Recognition v2: FAN-Base-Hybrid trunk, 448-d embedding, trained on 80k synthetic + 48k real images / 315 classes, triplet + CE loss; retrieval by L2 to reference DB; recommends 20-30 reference images per class; ~86% retrieval acc with 100 refs/class; 87.97% closed-set; NVIDIA Model EULA",https://catalog.ngc.nvidia.com/orgs/nvidia/teams/tao/models/retail_object_recognition,NVIDIA NGC,2026-09-02,fetched,high
H11,gs1,"GS1 Thailand: THB 7,000 entrance fee first year + annual membership; GTIN + GLN issued; express issue within 1 business day",https://gs1th.org/en/get-a-barcode-en/,GS1 Thailand,2026-09-02,search-snippet,medium
H12,fusion-lit,"FAIM (Falcao et al. 2020, Frontiers in Built Environment): vision+weight fusion 92.6% item ID vs weight-only 91.5% and vision-only ~60-70%; claims 2x error reduction vs reported SCO",https://www.frontiersin.org/journals/built-environment/articles/10.3389/fbuil.2020.568372/full,Frontiers,2026-09-02,fetched,high
V01,venue,"YSC 2027 (29th, NSTDA/NECTEC): registration closed 25 Aug 2026 17:00; proposal due 10 Sep 2026 17:00; secondary students to age 20; winners eligible for Regeneron ISEF 2027",https://www.spip.in.th/call-for-applications-young-scientist-competition-ysc-2027/,SPIP + NSTDA,2026-09-02,fetched,high
V02,venue,"TICTA 2026 (22nd, ATCI): student/undergraduate category; submissions closed 20 Jul 2026; winners represent Thailand at APICTA 2026 in Jakarta",https://www.thestorythailand.com/thailand-ict-awards-2026/,The Story Thailand,2026-09-02,fetched,high
V03,venue,"Conrad Challenge 2026-27: opens 27 Aug 2026; Stage 1 due 30 Oct 2026; Stage 2 due 8 Jan 2027; Summit 21-24 Apr 2027 Houston",https://www.prnewswire.com/news-releases/space-center-houston-and-equinor-seek-the-next-big-idea-as-stem-based-conrad-challenge-season-launches-302861083.html,PR Newswire,2026-09-02,search-snippet,medium
V04,venue,"Imagine Cup Junior 2027: ages 13-18, deadline 1 Apr 2027, no fee",https://imaginecup.microsoft.com/en-us/category/34,Microsoft,2026-09-02,search-snippet,medium
V05,venue,"Journal of Student Research (HS edition): APC USD 50 at submission + USD 299 post-review; at least one peer reviewer",https://riseglobaleducation.com/publications/how-to-publish-in-journal-of-student-research-high-school-edition,Rise (secondary),2026-09-02,search-snippet,low
V06,venue,"ECTI-CON 2027 (24th): Bangkok, The Park Nine Suvarnabhumi; paper deadline 1 Feb 2027; notification 15 Mar 2027; camera-ready 31 Mar 2027; conference late May 2027 (site shows both 24-27 and 26-29 May)",https://ecti-con2027.org/,ECTI Association,2026-09-02,fetched,high
V07,venue,"KST 2027 (19th): Tokyo Metropolitan University 17-20 Mar 2027; round 2 submission closes 10 Sep 2026; notification 10 Oct 2026; 8-12 pages; IEEE Xplore; ECTI-CIT extension",https://kst.buu.ac.th/2027/,KST/BUU,2026-09-02,fetched,high
V08,venue,"JCSSE 2026 (23rd, KMUTT Bangkok, 24-27 Jun 2026): three submission rounds Jan-Apr; IEEE Xplore; topics incl. CV, IoT, AI — expect JCSSE 2027 on same cadence",https://jcsse2026.org/,JCSSE,2026-09-02,fetched,high
V09,venue,"ICSEC 2026 (30th): hosted by Chiang Mai University (CMU IRAC notice); IEEE Xplore series",https://ird.oou.cmu.ac.th/th/th-conference-icsec-2026/,CMU,2026-09-02,search-snippet,medium
V10,venue,"AI City Challenge 2026 (10th, ECCV 2026): six tracks, none retail; Track 4 retail checkout ran 2022-2023 only; 2026 submission deadline was 10 Jul 2026",https://www.aicitychallenge.org/,AI City Challenge,2026-09-02,fetched,high
V11,venue,"Physical Retail AI Workshop (PRAW) 3rd ed. at WACV 2026 (7 Mar 2026): ~6 papers; GroceryVision challenge 3 tracks incl. Track 2 Multi-modal Product Retrieval (74,200 train images, 409 SKUs); challenge deadline was 16 Jan 2026; prior editions WACV24, CVPR24, WACV25, ICCV25",https://wacv.thecvf.com/virtual/2026/workshop/38,WACV/PRAW + grocery-vision.github.io,2026-09-02,fetched,high
V12,venue,"CVPR 2026 tutorial 'CV at Scale: Checkout-Free Retail' by ex-Zippin engineers: multi-camera calibration, real-time multi-camera tracking, production reliability",https://checkout-free-tutorial-cvpr26.github.io/,tutorial site,2026-09-02,fetched,high
V13,venue,"ISEF 2026 (Phoenix, 9-15 May 2026): Thai team from Prince Royal's College Chiang Mai won 1st Place Grand Award with low-cost AI malaria diagnosis; Thailand took 6 major awards",https://honeykidsasia.com/thailand/thai-students-win-awards-isef-2026/,HoneyKids Asia,2026-09-02,search-snippet,medium
M22,backlash,"Amazon announced Jan 2026 closure of all Amazon Fresh and all ~15 remaining Amazon Go stores (72 stores total), most closing first weekend Feb 2026; some converted to Whole Foods; JWO continues as a product for third-party venues",https://www.cnn.com/2026/01/27/food/amazon-fresh-go-closures,CNN + GeekWire + Retail Dive,2026-09-02,search-snippet,high
P01,paper,"RPC: A Large-Scale Retail Product Checkout Dataset — Wei, Cui, Yang et al., 2019",https://arxiv.org/abs/1901.07249,arXiv,2026-09-02,fetched,high
P02,paper,"Products-10K: A Large-scale Product Recognition Dataset — Bai, Chen, Yu et al., 2020",https://arxiv.org/abs/2008.10545,arXiv,2026-09-02,fetched,high
P03,paper,"RP2K: A Large-Scale Retail Product Dataset for Fine-Grained Image Classification — Peng, Xiao, Li, 2020; >500k images, 2000 categories",https://arxiv.org/abs/2006.12634,arXiv,2026-09-02,fetched,high
P04,paper,"A Hierarchical Grocery Store Image Dataset with Visual and Semantic Labels — Klasson, Zhang, Kjellström, WACV 2019",https://arxiv.org/abs/1901.00711,arXiv,2026-09-02,fetched,high
P05,paper,"Recognizing Groceries in situ Using in vitro Training Data — Merler, Galleguillos, Belongie, CVPR Workshops 2007 (GroZi-120)",https://www.michelemerler.com/papers/grozi_cvprw07.pdf,author site,2026-09-02,search-snippet,high
P06,paper,"The Freiburg Groceries Dataset — Jund, Abdo, Eitel et al., 2016; 5000 images, 25 classes",https://arxiv.org/abs/1611.05799,arXiv,2026-09-02,fetched,high
P07,paper,"Precise Detection in Densely Packed Scenes (SKU-110K) — Goldman, Herzig, Eisenschtat et al., CVPR 2019",https://arxiv.org/abs/1904.00853,arXiv,2026-09-02,fetched,high
P08,paper,"Unitail: Detecting, Reading, and Matching in Retail Scene — Chen, Zhang, Li et al., ECCV 2022; 1.8M instances",https://arxiv.org/abs/2204.00298,arXiv,2026-09-02,fetched,high
P09,paper,"The 6th AI City Challenge — Naphade, Wang, Anastasiu et al., CVPRW 2022; Track 4 automated retail checkout single camera",https://arxiv.org/abs/2204.10380,arXiv,2026-09-02,fetched,high
P10,paper,"The 7th AI City Challenge — Naphade, Wang, Anastasiu et al., 2023; Track 4 retail checkout",https://arxiv.org/abs/2304.07500,arXiv,2026-09-02,fetched,high
P11,paper,"Exploring Fine-grained Retail Product Discrimination with Zero-shot Object Classification Using VLMs — Tur, Conti, Beyan et al., IEEE RTSI 2024; MIMEX 28 categories; CLIP+DINOv2 ensemble beats VLMs",https://arxiv.org/abs/2409.14963,arXiv,2026-09-02,fetched,high
P12,paper,"Deep Learning for Retail Product Recognition: Challenges and Techniques — Wei, Tran, Xu, Kang, Springer; Comput. Intell. Neurosci. 2020; DOI 10.1155/2020/8875910",https://onlinelibrary.wiley.com/doi/10.1155/2020/8875910,Wiley,2026-09-02,search-snippet,high
P13,paper,"A Review: One-Shot Object Detection Methods for Conditional Detection of Retail and Warehouse Products — Neural Processing Letters 2025, DOI 10.1007/s11063-025-11742-0",https://link.springer.com/article/10.1007/s11063-025-11742-0,Springer,2026-09-02,search-snippet,medium
P14,paper,"Datasets and methods of product recognition on grocery shelf images ... exhaustive literature review — Eng. Appl. AI 2024 (DOI to fetch)",https://www.researchgate.net/publication/381868260_Datasets_and_methods_of_product_recognition_on_grocery_shelf_images_using_computer_vision_and_machine_learning_approaches_An_exhaustive_literature_review,ResearchGate,2026-09-02,search-snippet,low
P15,paper,"Prototypical Networks for Few-shot Learning — Snell, Swersky, Zemel, 2017",https://arxiv.org/abs/1703.05175,arXiv,2026-09-02,fetched,high
P16,paper,"A Closer Look at Few-shot Classification — Chen, Liu, Kira et al., ICLR 2019; deeper backbones shrink gaps between methods",https://arxiv.org/abs/1904.04232,arXiv,2026-09-02,fetched,high
P17,paper,"ArcFace: Additive Angular Margin Loss for Deep Face Recognition — Deng, Guo, Yang et al., 2018 (TPAMI version)",https://arxiv.org/abs/1801.07698,arXiv,2026-09-02,fetched,high
P18,paper,"Supervised Contrastive Learning — Khosla, Teterwak, Wang et al., 2020",https://arxiv.org/abs/2004.11362,arXiv,2026-09-02,fetched,high
P20,paper,"Domain Invariant Hierarchical Embedding for Grocery Products Recognition — Tonioni, Di Stefano et al., 2019",https://arxiv.org/abs/1902.00760,arXiv,2026-09-02,fetched,high
P21,paper,"A Few-Shot Learning Pipeline for Retail Product Recognition Using Object Detection and Metric Embeddings — ICOIACT 2025; RT-DETR v3 + embedding similarity",https://www.researchgate.net/publication/400045785_A_Few-Shot_Learning_Pipeline_for_Retail_Product_Recognition_Using_Object_Detection_and_Metric_Embeddings,ResearchGate,2026-09-02,search-snippet,medium
P22,paper,"Searching for MobileNetV3 — Howard, Sandler, Chu et al., ICCV 2019",https://arxiv.org/abs/1905.02244,arXiv,2026-09-02,fetched,high
P23,paper,"Learning Transferable Visual Models From Natural Language Supervision (CLIP) — Radford, Kim, Hallacy et al., 2021",https://arxiv.org/abs/2103.00020,arXiv,2026-09-02,fetched,high
P24,paper,"Sigmoid Loss for Language Image Pre-Training (SigLIP) — Zhai, Mustafa, Kolesnikov et al., ICCV 2023",https://arxiv.org/abs/2303.15343,arXiv,2026-09-02,fetched,high
P25,paper,"DINOv2: Learning Robust Visual Features without Supervision — Oquab, Darcet, Moutakanni et al., 2023",https://arxiv.org/abs/2304.07193,arXiv,2026-09-02,fetched,high
P26,paper,"DINOv3 — Siméoni, Vo, Seitzer et al., 2025",https://arxiv.org/abs/2508.10104,arXiv,2026-09-02,fetched,high
P27,paper,"What Matters for Grocery Product Retrieval with Open Source Vision Language Models — Maminta, Atienza et al., May 2026; 190 models on GroceryVision MPR; data quality > scale by up to 16.6%; MobileCLIP-B strong",https://arxiv.org/abs/2605.18029,arXiv,2026-09-02,fetched,high
P29,paper,"Toward Open Set Recognition — Scheirer, Rocha, Sapkota, Boult, IEEE TPAMI 35(7):1757-1772, 2013, DOI 10.1109/TPAMI.2012.256",https://doi.org/10.1109/TPAMI.2012.256,IEEE,2026-09-02,search-snippet,high
P30,paper,"Recent Advances in Open Set Recognition: A Survey — Geng, Huang, Chen, TPAMI (arXiv 2018)",https://arxiv.org/abs/1811.08581,arXiv,2026-09-02,fetched,high
P31,paper,"Generalized Out-of-Distribution Detection: A Survey — Yang, Zhou, Li, Liu, 2021 (rev. 2024)",https://arxiv.org/abs/2110.11334,arXiv,2026-09-02,fetched,high
P32,paper,"A Baseline for Detecting Misclassified and Out-of-Distribution Examples in Neural Networks — Hendrycks & Gimpel, ICLR 2017",https://arxiv.org/abs/1610.02136,arXiv,2026-09-02,fetched,high
P33,paper,"Energy-based Out-of-distribution Detection — Liu, Wang, Owens, Li, NeurIPS 2020",https://arxiv.org/abs/2010.03759,arXiv,2026-09-02,fetched,high
P34,paper,"Open-Set Recognition: a Good Closed-Set Classifier is All You Need? — Vaze, Han, Vedaldi, Zisserman, ICLR 2022 oral",https://arxiv.org/abs/2110.06207,arXiv,2026-09-02,fetched,high
P35,paper,"Towards Open World Object Detection — Joseph, Khan, Khan, Balasubramanian, CVPR 2021 oral",https://arxiv.org/abs/2103.02603,arXiv,2026-09-02,fetched,high
P38,paper,"ByteTrack: Multi-Object Tracking by Associating Every Detection Box — Zhang, Sun, Jiang et al., 2021 (ECCV 2022)",https://arxiv.org/abs/2110.06864,arXiv,2026-09-02,fetched,high
P39,paper,"Segment Anything — Kirillov, Mintun, Ravi et al., 2023; Grounding DINO — Liu, Zeng, Ren et al., 2023",https://arxiv.org/abs/2304.02643,arXiv,2026-09-02,fetched,high
P40,paper,"Domain Randomization for Transferring DNNs from Simulation to the Real World — Tobin, Fong, Ray et al., IROS 2017; A Survey of Quantization Methods — Gholami, Kim, Dong et al., 2021; A Comprehensive Survey of Continual Learning — Wang, Zhang, Su, Zhu, TPAMI 2024",https://arxiv.org/abs/1703.06907,arXiv,2026-09-02,fetched,high
P41,paper,"A Region-Based Deep Learning Approach to Automated Retail Checkout — AI City 2022 Track 4 entry; VISTA (arXiv 2204.11024) 3rd place",https://arxiv.org/abs/2204.08584,arXiv,2026-09-02,search-snippet,medium
P37,paper,"Taylor, Emmeline (2016) 'Supermarket self-checkouts and retail theft: the curious case of the SWIPERS', Criminology & Criminal Justice; SWIPERS = seemingly well-intentioned patrons engaging in routine shoplifting",https://www.researchgate.net/publication/263326099_Self-scan_checkouts_and_retail_loss_Understanding_the_risk_and_minimising_the_threat,ResearchGate (secondary),2026-09-02,search-snippet,medium
A01,architecture,"PyPI package `hx711` 1.1.2.3 (mpibpc-mroose) states 'This package requires RPi.GPIO'; API is get_raw_data(times), no get_raw_data_mean",https://pypi.org/project/hx711/,PyPI,2026-09-02,fetched,high
A02,architecture,"mpibpc-mroose/hx711 source: `import RPi.GPIO as GPIO`; public methods reset/power_up/power_down/get_raw_data; no Pi 5 mention",https://github.com/mpibpc-mroose/hx711,GitHub,2026-09-02,fetched,high
A03,architecture,"RPi.GPIO does not work on the Raspberry Pi 5 (RP1 southbridge handles GPIO); rpi-lgpio is a drop-in shim",https://raspberry.tips/en/raspberrypi-tutorials/raspberry-pi-5-gpio-rpigpio-not-working-alternatives,raspberry.tips,2026-09-02,search-snippet,medium
A04,architecture,"gpiozero is the Raspberry Pi Foundation's recommended Python GPIO library, with lgpio as its default backend; works on Pi 1-5",https://gpiozero.readthedocs.io/en/stable/installing.html,gpiozero docs,2026-09-02,search-snippet,medium
A05,architecture,"PySide6 aarch64 wheels on PyPI: 6.6.3.1 and 6.7.3 are manylinux_2_31; 6.8.3, 6.9.3, 6.10.1 and 6.11.2 are manylinux_2_39 (glibc >= 2.39)",https://pypi.org/project/PySide6/#files,PyPI (JSON API),2026-09-02,fetched,high
A06,architecture,"Debian package python3-pyside6.qtwidgets: trixie 6.8.2.1-4; sid/forky 6.10.3",https://packages.debian.org/search?keywords=python3-pyside6.qtwidgets,Debian packages,2026-09-02,fetched,high
A07,architecture,"Debian 13 Trixie ships glibc 2.41 (Python 3.13, GCC 14.2); Debian 12 Bookworm ships glibc 2.36; Raspberry Pi OS Trixie is based on Debian 13",https://pidiylab.com/raspberry-pi-trixie-vs-bookworm/,pidiylab,2026-09-02,search-snippet,medium
A08,architecture,"onnxruntime 1.29.0 ships manylinux_2_28_aarch64 wheels for cp311-cp313",https://pypi.org/project/onnxruntime/#files,PyPI (JSON API),2026-09-02,fetched,high
A09,architecture,"opencv-contrib-python 5.0.0.93 ships manylinux2014/2_28 aarch64 wheels",https://pypi.org/project/opencv-contrib-python/#files,PyPI (JSON API),2026-09-02,fetched,high
A10,architecture,"Odoo Point of Sale is a browser application; peripherals (printers, scales, scanners, cash drawers, customer displays) connect through an IoT box on the store LAN or, for some printers, directly from the browser",https://www.odoo.com/documentation/19.0/applications/sales/point_of_sale/hardware_network.html,Odoo 19 documentation,2026-09-02,fetched,high
A11,architecture,"Raspberry Pi kiosk tutorial: Raspberry Pi OS 64-bit with labwc; commands in ~/.config/labwc/autostart; Chromium --kiosk --noerrdialogs --disable-infobars --no-first-run --start-maximized",https://www.raspberrypi.com/tutorials/how-to-use-a-raspberry-pi-in-kiosk-mode/,Raspberry Pi,2026-09-02,fetched,high
A12,architecture,"Pi engineers (Feb 2024): USB webcams on the Pi 5 are read through uvcvideo / V4L2, not libcamera; one user's Astra Pro camera failed to open in OpenCV",https://forums.raspberrypi.com/viewtopic.php?t=365216,Raspberry Pi forums,2026-09-02,fetched,medium
A13,architecture,"OpenCV ArUco FAQ: single-marker corner positions are relatively inaccurate even after subpixel refinement; chessboard/ChArUco corners are more accurate and recommended for measurement; homography interpolation is sensitive to distortion",https://docs.opencv.org/4.13.0/d1/dcb/tutorial_aruco_faq.html,OpenCV docs,2026-09-02,search-snippet,medium
A14,architecture,"Jegou & Chum, ECCV 2012: mean subtraction handles 'negative evidence' and PCA whitening handles co-occurrences in short-vector image retrieval",https://link.springer.com/chapter/10.1007/978-3-642-33709-3_55,Springer (ECCV 2012),2026-09-02,search-snippet,high
A15,architecture,"OpenCV BackgroundSubtractorMOG2 has a detectShadows flag; shadow models treat a shadowed pixel as same chromaticity with lower intensity",https://docs.opencv.org/4.x/d7/d7b/classcv_1_1BackgroundSubtractorMOG2.html,OpenCV docs,2026-09-02,search-snippet,high
A16,architecture,"Prototypical Networks (Snell et al., NeurIPS 2017): a class is the mean of its support embeddings; queries classified by distance to prototypes",https://www.cs.toronto.edu/~zemel/documents/prototypical_networks_nips_2017.pdf,NeurIPS 2017,2026-09-02,search-snippet,high
A17,architecture,"'A Closer Look at Prototype Classifier for Few-shot Image Classification' (NeurIPS 2022): a single mean vector per class is vulnerable to noise and bias with limited data",https://proceedings.neurips.cc/paper_files/paper/2022/file/a559a5a8aa5ae6682ced009ad97cdb16-Paper-Conference.pdf,NeurIPS 2022,2026-09-02,search-snippet,medium
A18,architecture,"NVIDIA Retail Object Recognition (TAO): encodes items into 2048-d embeddings trained by metric learning and predicts by similarity to a reference space; few-shot by design",https://catalog.ngc.nvidia.com/orgs/nvidia/tao/models/retail_object_recognition,NVIDIA NGC,2026-09-02,search-snippet,medium
A19,architecture,"Qt guidance for long-running work in a GUI: a QObject worker moved to a QThread, results back via signals",https://realpython.com/python-pyqt-qthread/,Real Python,2026-09-02,search-snippet,high
A20,architecture,"HX711 datasheet: DOUT low = data ready; 24 bits shifted out MSB-first on PD_SCK rising edges; 25/26/27 total pulses select channel A gain 128 / B gain 32 / A gain 64; PD_SCK high > 60 us powers down",https://cdn.sparkfun.com/datasheets/Sensors/ForceFlex/hx711_english.pdf,Avia Semiconductor datasheet (SparkFun mirror),2026-09-02,recalled,medium
A21,architecture,"Fetch standard: Access-Control-Allow-Origin '*' is not permitted together with credentials",https://fetch.spec.whatwg.org/#cors-protocol-and-credentials,WHATWG Fetch,2026-09-02,recalled,medium
X01,distribution,"PyInstaller cannot cross-compile: a Windows exe must be built on Windows (GitHub Actions windows-latest used)",https://pyinstaller.org/en/stable/operating-mode.html,PyInstaller docs,2026-09-02,recalled,high
X02,distribution,"windows-latest = Windows Server 2025 image: Python 3.12.10 default (3.10-3.14 cached), Inno Setup 6.7.1 preinstalled, PowerShell 7.6.5, Chocolatey 2.7.4",https://github.com/actions/runner-images/blob/main/images/windows/Windows2025-Readme.md,GitHub runner-images,2026-09-02,fetched,high
X03,distribution,"PyPI win_amd64 wheels: PySide6 6.11.2 cp310-abi3; pyinstaller 6.22.2 py3; onnxruntime 1.29.0 cp311-cp314; opencv-contrib-python 5.0.0.93 cp37-abi3; numpy 2.5.2 cp312+ -> CI Python 3.12",https://pypi.org/project/PySide6/#files,PyPI (JSON API),2026-09-02,fetched,high
X04,distribution,"coremltools 9.0 (10 Nov 2025): macOS arm64 wheels for Python 3.8-3.13; release notes: support for PyTorch 2.7; PyTorch conversion by tracing (ONNX converter no longer part of coremltools)",https://github.com/apple/coremltools/releases,GitHub apple/coremltools,2026-09-02,fetched,high
X05,distribution,"Apple: a free Apple ID can install apps on a personal device with Xcode; enrolment in the Developer Program is needed to distribute apps, access beta software (TestFlight) and use capabilities such as Siri/Apple Pay/iCloud",https://developer.apple.com/help/account/membership/program-enrollment/,Apple Developer,2026-09-02,fetched,high
X06,distribution,"Cloudflare's migration guide: new projects should start with Workers (static assets + server-side); Pages remains supported; user's existing compfinder project already uses wrangler.jsonc with assets.directory",https://developers.cloudflare.com/workers/static-assets/migration-guides/migrate-from-pages/,Cloudflare docs,2026-09-02,search-snippet,medium
X07,distribution,"GitHub Releases: a stable redirect to the newest release's asset exists at /releases/latest/download/<asset>; release assets up to 2 GiB",https://docs.github.com/en/repositories/releasing-projects-on-github/linking-to-releases,GitHub docs,2026-09-02,search-snippet,high
X08,distribution,"softprops/action-gh-release latest tag v3.0.3 (30 Aug 2026); cloudflare/wrangler-action latest v4.0.0 (12 May 2026) (read via gh api)",https://github.com/softprops/action-gh-release/releases,GitHub,2026-09-02,fetched,high
X09,distribution,"Ultralytics licensing page: AGPL-3.0 compliance means publicly releasing the complete corresponding source of the derivative work; an Enterprise License is needed to keep a project closed -> the v3 .pt weights are excluded from the public repo",https://www.ultralytics.com/license,Ultralytics,2026-09-02,fetched,high
X10,distribution,"GRDB.swift Package.swift: swift-tools-version 6.1; platforms iOS 13, macOS 10.15, tvOS 13, watchOS 7",https://raw.githubusercontent.com/groue/GRDB.swift/master/Package.swift,GitHub groue/GRDB.swift,2026-09-02,fetched,high
X11,distribution,"Azure Trusted Signing (Artifact Signing) individual eligibility limited to US/Canada/EU/UK residents; Basic USD 9.99/month (search summary, not re-verified) -> installer ships unsigned",https://azure.microsoft.com/en-gb/pricing/details/trusted-signing/,Microsoft Azure,2026-09-02,search-snippet,medium
X12,distribution,"Measured on this Mac: PyInstaller onedir bundle of the till = 414 MB; Core ML export of the embedder = 2.0 MB, worst cosine vs ONNX 0.9994 over 12 synthetic crops; frozen Windows exe printed 'self-test ok' on the runner (run 33658161295)",https://github.com/TheKaito2/ai-cashier/actions,GitHub Actions,2026-09-02,measured,high
X13,benchmark,"Grocery Store dataset (Klasson, Zhang, Kjellstrom, WACV 2019): GitHub repo marcusklasson/GroceryStoreDataset, MIT licence, repo 116 MB (GitHub API size 118,944 KB); images in-repo under dataset/{train,val,test}/<Group>/<Coarse>/<Fine>/; train.txt 2,640 lines, val 296, test 2,485; classes.csv 81 fine classes -> 42 coarse with one iconic image per class; Packages group = 31 fine classes / 864 training images",https://github.com/marcusklasson/GroceryStoreDataset,GitHub (API + raw files),2026-09-03,fetched,high
X14,benchmark,"RPC dataset download is a 15 GB Kaggle archive (retail_product_checkout.zip) with a Baidu mirror; GroceryVision (PRAW/WACV 2026) is distributed through a Kaggle challenge page - both need a Kaggle login, which this machine does not have",https://rpc-dataset.github.io/,RPC authors + grocery-vision.github.io,2026-09-03,fetched,high
X15,benchmark,"Measured, E9 on Grocery Store with the frozen MobileNetV3-Small ImageNet trunk (whole photo as crop, unseen half scored): top-1 at k=5 = 45.8% (31 carton classes) / 59.7% (all 81); iconic-first enrolment k=1 = 29.8%; open-set AUROC of max-cosine 0.668 (packages) and 0.365 (all) - the synthetic tau does not transfer and the encoder is the lever",research/results/E9-*.json,this repo,2026-09-03,measured,high
X16,benchmark,"Measured, same run: the till's frozen-centre cosine beats raw cosine on natural photographs at every k (packages, k=1/3/5: 33.7/47.7/45.8% vs 28.8/43.2/41.7%) - the F5 centring fix holds on real images",research/results/E9-packages.json,this repo,2026-09-03,measured,high
